"n","type","coverage","mse","bias","sd","mean_se"
100,"ICE-IPCW (deb.)",0.934,0.00325,0.000382,0.0571,0.0555
,"ICE-IPCW",,0.00316,0.000521,0.0562,
200,"ICE-IPCW (deb.)",0.947,0.00152,-0.000339,0.039,0.039
,"ICE-IPCW",,0.00151,-0.000265,0.0388,
500,"ICE-IPCW (deb.)",0.95,0.000599,0.000325,0.0245,0.0246
,"ICE-IPCW",,0.000598,0.000344,0.0245,
1000,"ICE-IPCW (deb.)",0.952,0.000303,0.000142,0.0174,0.0174
,"ICE-IPCW",,0.000302,0.000136,0.0174,
